T,CV_error,OOS_err,CV_sd,OOS_sd
3,0.146667,0.1572550.3537730.364041
9,0.0875362,0.1077320.2826190.310042
27,0.0637681,0.07993050.2443390.271186
81,0.0556522,0.07211120.2292490.258672
3,0.146667,0.1572550.3537730.364041
9,0.0875362,0.1077320.2826190.310042
