"","T","cv_accuracy","test_accuracy"
"1",4,0.758550724637681,0.739357080799305
"2",16,0.866376811594203,0.844483058210252
"3",64,0.889565217391304,0.88010425716768
